{"cameraMode":{"drawMode":0,"name":"Shaded","section":"Shading Mode"},"sceneLighting":false,"audioPlay":false,"sceneViewState":{"m_AlwaysRefresh":false,"showFog":true,"showSkybox":false,"showFlares":true,"showImageEffects":true,"showParticleSystems":true,"showVisualEffectGraphs":true,"m_FxEnabled":true},"in2DMode":false,"pivot":{"x":8.869075775146485,"y":-0.292557954788208,"z":-3.7082056999206545},"rotation":{"x":-0.020998481661081315,"y":0.01199717540293932,"z":0.00026436959160491824,"w":0.9997298717498779},"size":4.561244964599609,"orthographic":false}