{"cameraMode":{"drawMode":0,"name":"Shaded","section":"Shading Mode"},"sceneLighting":false,"audioPlay":false,"sceneViewState":{"m_AlwaysRefresh":false,"showFog":true,"showSkybox":false,"showFlares":true,"showImageEffects":true,"showParticleSystems":true,"showVisualEffectGraphs":true,"m_FxEnabled":true},"in2DMode":false,"pivot":{"x":10.902073860168457,"y":6.610393047332764,"z":2.930943489074707},"rotation":{"x":0.055357251316308978,"y":0.06435993313789368,"z":-0.003556536277756095,"w":0.9964032173156738},"size":20.17326545715332,"orthographic":false}