{"cameraMode":{"drawMode":0,"name":"Shaded","section":"Shading Mode"},"sceneLighting":false,"audioPlay":false,"sceneViewState":{"m_AlwaysRefresh":false,"showFog":true,"showSkybox":false,"showFlares":true,"showImageEffects":true,"showParticleSystems":true,"showVisualEffectGraphs":true,"m_FxEnabled":true},"in2DMode":false,"pivot":{"x":18.132978439331056,"y":3.4969122409820558,"z":1.491445541381836},"rotation":{"x":0.11950932443141937,"y":0.05805058777332306,"z":-0.0069810859858989719,"w":0.9911295771598816},"size":6.057257175445557,"orthographic":false}