{"cameraMode":{"drawMode":0,"name":"Shaded","section":"Shading Mode"},"sceneLighting":true,"audioPlay":false,"sceneViewState":{"m_AlwaysRefresh":false,"showFog":true,"showSkybox":true,"showFlares":true,"showImageEffects":true,"showParticleSystems":true,"showVisualEffectGraphs":true,"m_FxEnabled":true},"in2DMode":false,"pivot":{"x":-17.471782684326173,"y":-0.6303339004516602,"z":6.421682357788086},"rotation":{"x":-0.17784911394119264,"y":0.013004817999899388,"z":-0.0023964764550328256,"w":-0.9840186238288879},"size":5.15557861328125,"orthographic":false}