{"cameraMode":{"drawMode":0,"name":"Shaded","section":"Shading Mode"},"sceneLighting":true,"audioPlay":false,"sceneViewState":{"m_AlwaysRefresh":false,"showFog":true,"showSkybox":true,"showFlares":true,"showImageEffects":true,"showParticleSystems":true,"showVisualEffectGraphs":true,"m_FxEnabled":true},"in2DMode":false,"pivot":{"x":-19.839763641357423,"y":0.829364538192749,"z":-0.24122434854507447},"rotation":{"x":0.21175242960453034,"y":-0.09948952496051789,"z":0.021674364805221559,"w":0.9720048308372498},"size":5.458965301513672,"orthographic":false}