{"cameraMode":{"drawMode":0,"name":"Shaded","section":"Shading Mode"},"sceneLighting":true,"audioPlay":false,"sceneViewState":{"m_AlwaysRefresh":false,"showFog":true,"showSkybox":true,"showFlares":true,"showImageEffects":true,"showParticleSystems":true,"showVisualEffectGraphs":true,"m_FxEnabled":true},"in2DMode":false,"pivot":{"x":14.263033866882325,"y":0.20279693603515626,"z":1.0711965560913087},"rotation":{"x":-0.2510322630405426,"y":0.022959262132644655,"z":-0.005966992117464542,"w":-0.9677376747131348},"size":7.396255016326904,"orthographic":false}