{"cameraMode":{"drawMode":0,"name":"Shaded","section":"Shading Mode"},"sceneLighting":true,"audioPlay":false,"sceneViewState":{"m_AlwaysRefresh":false,"showFog":true,"showSkybox":true,"showFlares":true,"showImageEffects":true,"showParticleSystems":true,"showVisualEffectGraphs":true,"m_FxEnabled":true},"in2DMode":false,"pivot":{"x":-7.1465044021606449,"y":0.38656091690063479,"z":-0.6193304061889648},"rotation":{"x":-0.1657113879919052,"y":-0.33733394742012026,"z":0.06043629348278046,"w":-0.9247657060623169},"size":14.07360553741455,"orthographic":false}