{"cameraMode":{"drawMode":0,"name":"Shaded","section":"Shading Mode"},"sceneLighting":false,"audioPlay":false,"sceneViewState":{"m_AlwaysRefresh":false,"showFog":true,"showSkybox":false,"showFlares":true,"showImageEffects":true,"showParticleSystems":true,"showVisualEffectGraphs":true,"m_FxEnabled":true},"in2DMode":false,"pivot":{"x":-44.220001220703128,"y":7.499000072479248,"z":-0.7452244758605957},"rotation":{"x":0.000008215015441237483,"y":-0.9993120431900024,"z":-0.03868573531508446,"w":-0.000017425871192244813},"size":7.79818868637085,"orthographic":false}