{"cameraMode":{"drawMode":0,"name":"Shaded","section":"Shading Mode"},"sceneLighting":false,"audioPlay":false,"sceneViewState":{"m_AlwaysRefresh":false,"showFog":true,"showSkybox":false,"showFlares":true,"showImageEffects":true,"showParticleSystems":true,"showVisualEffectGraphs":true,"m_FxEnabled":true},"in2DMode":false,"pivot":{"x":-0.7903313636779785,"y":-0.056528329849243167,"z":7.497443675994873},"rotation":{"x":0.01509189885109663,"y":-0.9839065074920654,"z":0.10101546347141266,"w":0.1471739411354065},"size":4.415177822113037,"orthographic":false}