{"cameraMode":{"drawMode":0,"name":"Shaded","section":"Shading Mode"},"sceneLighting":false,"audioPlay":false,"sceneViewState":{"m_AlwaysRefresh":false,"showFog":true,"showSkybox":false,"showFlares":true,"showImageEffects":true,"showParticleSystems":true,"showVisualEffectGraphs":true,"m_FxEnabled":true},"in2DMode":false,"pivot":{"x":-0.5953534841537476,"y":-0.5808392763137817,"z":7.538503170013428},"rotation":{"x":-0.002711398061364889,"y":-0.9890365600585938,"z":0.14644579589366914,"w":-0.018403001129627229},"size":5.111673831939697,"orthographic":false}