{"cameraMode":{"drawMode":0,"name":"Shaded","section":"Shading Mode"},"sceneLighting":false,"audioPlay":false,"sceneViewState":{"m_AlwaysRefresh":false,"showFog":true,"showSkybox":false,"showFlares":true,"showImageEffects":true,"showParticleSystems":true,"showVisualEffectGraphs":true,"m_FxEnabled":true},"in2DMode":false,"pivot":{"x":0.8600000143051148,"y":0.4488371014595032,"z":2.130000114440918},"rotation":{"x":0.1285865753889084,"y":0.029748355969786645,"z":-0.003848489373922348,"w":0.9912651777267456},"size":0.6224049925804138,"orthographic":false}