{"cameraMode":{"drawMode":0,"name":"Shaded","section":"Shading Mode"},"sceneLighting":false,"audioPlay":false,"sceneViewState":{"m_AlwaysRefresh":false,"showFog":true,"showSkybox":false,"showFlares":true,"showImageEffects":true,"showParticleSystems":true,"showVisualEffectGraphs":true,"m_FxEnabled":true},"in2DMode":false,"pivot":{"x":-43.41495895385742,"y":2.6008522510528566,"z":-2.140376329421997},"rotation":{"x":-0.001582431374117732,"y":-0.9894022345542908,"z":0.14529262483119965,"w":-0.010399057529866696},"size":6.005558967590332,"orthographic":false}