{"cameraMode":{"drawMode":0,"name":"Shaded","section":"Shading Mode"},"sceneLighting":false,"audioPlay":false,"sceneViewState":{"m_AlwaysRefresh":false,"showFog":true,"showSkybox":false,"showFlares":true,"showImageEffects":true,"showParticleSystems":true,"showVisualEffectGraphs":true,"m_FxEnabled":true},"in2DMode":false,"pivot":{"x":-2.3556790351867677,"y":1.7007629871368409,"z":5.509333610534668},"rotation":{"x":-0.021323813125491144,"y":0.9704718589782715,"z":-0.09377027302980423,"w":-0.22149890661239625},"size":8.777824401855469,"orthographic":false}