{"cameraMode":{"drawMode":0,"name":"Shaded","section":"Shading Mode"},"sceneLighting":false,"audioPlay":false,"sceneViewState":{"m_AlwaysRefresh":false,"showFog":true,"showSkybox":false,"showFlares":true,"showImageEffects":true,"showParticleSystems":true,"showVisualEffectGraphs":true,"m_FxEnabled":true},"in2DMode":false,"pivot":{"x":-48.06934356689453,"y":1.4238436222076417,"z":-0.744631290435791},"rotation":{"x":0.008430123329162598,"y":-0.9822444915771484,"z":0.18209819495677949,"w":0.045697808265686038},"size":6.46793794631958,"orthographic":false}